{"train_acc": [0.8602554470323065, 0.9237415477084898, 0.9391435011269722, 0.9455296769346356, 0.9515401953418482], "val_acc": [0.9321266968325792, 0.9457013574660633, 0.9502262443438914, 0.9524886877828054, 0.9434389140271493]}