{
    "train_loss": [
        0.6198511943221092,
        0.5290742543126855,
        0.47702032788878396,
        0.4362041095183009,
        0.39770997918787454
    ],
    "val_loss": [
        0.5523588827678135,
        0.4972327819892338,
        0.47215098461934496,
        0.46669949484722956,
        0.44809042449508396
    ],
    "train_acc": [
        0.6589030803906837,
        0.7253944402704733,
        0.7700976709241172,
        0.7956423741547709,
        0.8181818181818182
    ],
    "val_acc": [
        0.7058823529411765,
        0.748868778280543,
        0.7873303167420814,
        0.7737556561085973,
        0.8009049773755657
    ]
}